contamination,dev_threshold_m,precision,recall,f1,episode_detection,delay_s,false_alert_traj,false_alerts_per_hour
0.005,60,0.9978,0.5581,0.7158,0.9444,286.9412,0.0333,0.0833
0.005,80,0.9978,0.5578,0.7155,0.9444,287.1176,0.0333,0.0833
0.005,100,0.9978,0.5575,0.7153,0.9444,287.1176,0.0333,0.0833
0.005,120,0.9989,0.5562,0.7146,0.9333,286.25,0.0167,0.0417
0.005,150,0.9989,0.5486,0.7082,0.8889,283.125,0.0167,0.0417
0.005,200,1.0,0.5218,0.6858,0.8,279.1667,0.0,0.0
0.005,250,1.0,0.5126,0.6778,0.75,273.3333,0.0,0.0
0.01,60,0.9969,0.5907,0.7418,0.9889,280.9551,0.0333,0.0833
0.01,80,0.9969,0.5901,0.7413,0.9889,281.1236,0.0333,0.0833
0.01,100,0.9969,0.5898,0.7411,0.9889,281.1236,0.0333,0.0833
0.01,120,0.9984,0.5843,0.7372,0.9667,280.6897,0.0167,0.0417
0.01,150,0.9984,0.562,0.7192,0.9111,281.5244,0.0167,0.0417
0.01,200,1.0,0.5273,0.6905,0.8,276.25,0.0,0.0
0.01,250,1.0,0.5126,0.6778,0.75,273.3333,0.0,0.0
0.02,60,0.9913,0.6242,0.766,0.9944,266.4804,0.0833,0.25
0.02,80,0.9913,0.6227,0.7649,0.9944,267.1508,0.0833,0.25
0.02,100,0.9912,0.6196,0.7626,0.9944,268.4916,0.0833,0.25
0.02,120,0.9935,0.6068,0.7535,0.9667,270.0,0.0667,0.2083
0.02,150,0.9937,0.5782,0.731,0.9111,273.1098,0.05,0.1667
0.02,200,0.996,0.5312,0.6929,0.8,274.5833,0.0333,0.125
0.02,250,1.0,0.5151,0.6799,0.75,272.4444,0.0,0.0
0.05,60,0.9665,0.7041,0.8147,1.0,229.8333,0.2167,0.7083
0.05,80,0.9671,0.6998,0.812,0.9944,230.2793,0.2,0.6667
0.05,100,0.9672,0.6913,0.8063,0.9944,234.3017,0.2,0.6667
0.05,120,0.9697,0.6721,0.7939,0.9667,237.7586,0.1833,0.625
0.05,150,0.9769,0.6324,0.7678,0.9111,244.939,0.1,0.3333
0.05,200,0.989,0.5733,0.7258,0.8,251.0417,0.0333,0.0833
0.05,250,1.0,0.5526,0.7118,0.75,250.6667,0.0,0.0
